Frame,Coverage [%],Cell Density [bacteria/pixel^2],Cell Density [bacteria/micron^2]
0,13.342691261007827,0.00021404109589041095,0.05066061441193158
