Frame,Coverage [%],Cell Density [bacteria/pixel^2],Cell Density [bacteria/micron^2]
0,70.7298084714408,0.0017971329959637966,0.4253569221216086
