Frame,Coverage [%],Cell Density [bacteria/pixel^2],Cell Density [bacteria/micron^2]
0,72.87344437989238,0.002053217878546967,0.48596872865016955
