Frame,Coverage [%],Cell Density [bacteria/pixel^2],Cell Density [bacteria/micron^2]
0,27.863611867049904,0.00045173182179549903,0.1069187743894672
