Frame,Coverage [%],Cell Density [bacteria/pixel^2],Cell Density [bacteria/micron^2]
0,13.960830479452055,0.00023339079317514678,0.055240424420153075
