Frame,Coverage [%],Cell Density [bacteria/pixel^2],Cell Density [bacteria/micron^2]
0,71.79306239297945,0.0014067946581457925,0.3329691498569923
