Frame,Coverage [%],Cell Density [bacteria/pixel^2],Cell Density [bacteria/micron^2]
0,12.528737883745109,0.00018704707375244618,0.0442714967461411
