Frame,Coverage [%],Cell Density [bacteria/pixel^2],Cell Density [bacteria/micron^2]
0,31.2574532167319,0.0005362971654843445,0.1269342403513241
