Frame,Coverage [%],Cell Density [bacteria/pixel^2],Cell Density [bacteria/micron^2]
0,33.051098489481404,0.0005484803082191781,0.12981782443057469
