Frame,Coverage [%],Cell Density [bacteria/pixel^2],Cell Density [bacteria/micron^2]
0,72.99314972939091,0.0011141603473581213,0.26370659109067957
