Frame,Coverage [%],Cell Density [bacteria/pixel^2],Cell Density [bacteria/micron^2]
0,73.80153708261986,0.0018616319869129158,0.44062295548234687
