Frame,Coverage [%],Cell Density [bacteria/pixel^2],Cell Density [bacteria/micron^2]
0,70.44833009723581,0.001085733014310176,0.2569782282390949
