Frame,Coverage [%],Cell Density [bacteria/pixel^2],Cell Density [bacteria/micron^2]
0,30.508667708842957,0.0005346249694227006,0.1265384543012309
