Frame,Coverage [%],Cell Density [bacteria/pixel^2],Cell Density [bacteria/micron^2]
0,16.357899645303327,0.0002694624510763209,0.06377809492930672
