Frame,Coverage [%],Cell Density [bacteria/pixel^2],Cell Density [bacteria/micron^2]
0,11.632512460249512,0.00019636359466731899,0.046476590453803306
