Frame,Coverage [%],Cell Density [bacteria/pixel^2],Cell Density [bacteria/micron^2]
0,32.668523919092465,0.0005491969636741683,0.12998744702347176
