Frame,Coverage [%],Cell Density [bacteria/pixel^2],Cell Density [bacteria/micron^2]
0,8.164568936521526,0.00013735896220645792,0.0325109969719427
