Frame,Coverage [%],Cell Density [bacteria/pixel^2],Cell Density [bacteria/micron^2]
0,36.56120524247798,0.0005527802409491194,0.13083555998795723
